<?xml version="1.0" encoding="UTF-8" standalone="no"?><Invoice xmlns="urn:oasis:names:specification:ubl:schema:xsd:Invoice-2"><cbc:UBLVersionID>UBL 2.1</cbc:UBLVersionID><cbc:ID>INV-12345</cbc:ID><cbc:CopyIndicator>true</cbc:CopyIndicator><cbc:UUID>123e4567-e89b-12d3-a456-426614174000</cbc:UUID><cbc:IssueDate>2024-03-07</cbc:IssueDate><cbc:IssueTime>14:48:00</cbc:IssueTime><cbc:DueDate>2024-04-06</cbc:DueDate><cbc:InvoiceTypeCode>380</cbc:InvoiceTypeCode><cbc:Note>Note1</cbc:Note><cbc:Note>Note2</cbc:Note><cbc:TaxPointDate>2024-03-08</cbc:TaxPointDate><cbc:DocumentCurrencyCode>USD</cbc:DocumentCurrencyCode><cbc:TaxCurrencyCode>USD</cbc:TaxCurrencyCode><cbc:PricingCurrencyCode>USD</cbc:PricingCurrencyCode><cbc:PaymentCurrencyCode>USD</cbc:PaymentCurrencyCode><cbc:PaymentAlternativeCurrencyCode>EUR</cbc:PaymentAlternativeCurrencyCode><cbc:AccountingCostCode>AC123</cbc:AccountingCostCode><cbc:AccountingCost>Project ABC</cbc:AccountingCost><cbc:LineCountNumeric>2</cbc:LineCountNumeric><cbc:BuyerReference>BR123</cbc:BuyerReference><cac:InvoicePeriod><cbc:StartDate>2024-03-01</cbc:StartDate><cbc:EndDate>2024-03-31</cbc:EndDate></cac:InvoicePeriod><cac:OrderReference><cbc:ID>Order-123</cbc:ID></cac:OrderReference><cac:BillingReference><cac:InvoiceDocumentReference/></cac:BillingReference><cac:DespatchDocumentReference><cbc:ID>DespatchRef-1</cbc:ID><cbc:IssueDate>2024-03-02</cbc:IssueDate></cac:DespatchDocumentReference><cac:ReceiptDocumentReference><cbc:ID>ReceiptRef-1</cbc:ID><cbc:IssueDate>2024-03-03</cbc:IssueDate></cac:ReceiptDocumentReference><cac:StatementDocumentReference><cbc:ID>StatementRef-1</cbc:ID><cbc:IssueDate>2024-03-04</cbc:IssueDate></cac:StatementDocumentReference><cac:OriginatorDocumentReference><cbc:ID>OriginatorRef-1</cbc:ID><cbc:IssueDate>2024-03-05</cbc:IssueDate></cac:OriginatorDocumentReference><cac:ContractDocumentReference><cbc:ID>ContractRef-1</cbc:ID><cbc:IssueDate>2024-03-06</cbc:IssueDate></cac:ContractDocumentReference><cac:AdditionalDocumentReference><cbc:ID>AdditionalRef-1</cbc:ID><cbc:IssueDate>2024-03-07</cbc:IssueDate></cac:AdditionalDocumentReference><cac:ProjectReference><cbc:ID>Project-123</cbc:ID></cac:ProjectReference><cac:AccountingSupplierParty><cac:Party/></cac:AccountingSupplierParty><cac:AccountingCustomerParty><cac:Party/></cac:AccountingCustomerParty><cac:Delivery><cbc:ActualDeliveryDate>2024-03-10</cbc:ActualDeliveryDate><cbc:ActualDeliveryTime>14:00:00</cbc:ActualDeliveryTime><cac:DeliveryAddress/></cac:Delivery><cac:DeliveryTerms><cbc:ID>DAP</cbc:ID><cbc:SpecialTerms>Delivered at Place</cbc:SpecialTerms></cac:DeliveryTerms><cac:PrepaidPayment><cbc:PaidAmount>100.00</cbc:PaidAmount><cbc:ReceivedDate>2024-02-01</cbc:ReceivedDate></cac:PrepaidPayment><cac:PaymentExchangeRate><cbc:SourceCurrencyCode>USD</cbc:SourceCurrencyCode><cbc:TargetCurrencyCode>EUR</cbc:TargetCurrencyCode><cbc:CalculationRate>0.88</cbc:CalculationRate><cbc:Date>2024-03-07</cbc:Date></cac:PaymentExchangeRate><cac:LegalMonetaryTotal><cbc:LineExtensionAmount>450.00</cbc:LineExtensionAmount><cbc:TaxExclusiveAmount>450.00</cbc:TaxExclusiveAmount><cbc:TaxInclusiveAmount>525.00</cbc:TaxInclusiveAmount><cbc:ChargeTotalAmount>20.00</cbc:ChargeTotalAmount><cbc:PrepaidAmount>100.00</cbc:PrepaidAmount><cbc:PayableRoundingAmount>0.00</cbc:PayableRoundingAmount><cbc:PayableAmount>525.00</cbc:PayableAmount></cac:LegalMonetaryTotal><cac:InvoiceLine><cbc:ID>1</cbc:ID><cbc:LineExtensionAmount currencyID="COP">500.00</cbc:LineExtensionAmount></cac:InvoiceLine></Invoice>